iter	Accuracy	Logloss
0	0.7425	0.6705905649
1	0.7468	0.6558882896
2	0.7468	0.6417835638
3	0.7471	0.6255845536
4	0.7497	0.6146406538
5	0.7498	0.6018551743
6	0.7502	0.5903263689
7	0.7557	0.5785569933
8	0.7524	0.5717906324
9	0.7585	0.564710075
10	0.7593	0.5587043094
11	0.7593	0.5506202726
12	0.76	0.5443927083
13	0.7596	0.5402585301
14	0.76	0.5350502129
15	0.7591	0.5290652706
16	0.7597	0.5255497452
17	0.7594	0.521604829
18	0.7602	0.5185775186
19	0.7602	0.5135854734
20	0.7597	0.5105477155
21	0.76	0.5077812153
22	0.76	0.5032738366
23	0.76	0.5013450612
24	0.7594	0.4991395131
25	0.76	0.4962366141
26	0.7598	0.494550801
27	0.7608	0.4932093781
28	0.7618	0.491412751
29	0.762	0.4905390345
30	0.7615	0.4890271282
31	0.7617	0.4874290411
32	0.7609	0.4865115843
33	0.7611	0.4852892779
34	0.7612	0.4837790729
35	0.7619	0.482678422
36	0.7623	0.4811456681
37	0.7623	0.480802
38	0.7625	0.479145659
39	0.762	0.4779922444
40	0.7628	0.4767788006
41	0.7624	0.4756782516
42	0.7634	0.4747242925
43	0.7638	0.4738788327
44	0.7641	0.472872149
45	0.7645	0.4722273251
46	0.7649	0.4710131006
47	0.765	0.4707899807
48	0.7652	0.4698834205
49	0.7654	0.469401888
50	0.766	0.4690749032
51	0.766	0.4683392737
52	0.7656	0.4680874986
53	0.7661	0.4679448361
54	0.7656	0.4675717686
55	0.7658	0.4674690754
56	0.7662	0.4666039078
57	0.7665	0.466489822
58	0.7665	0.4654926439
59	0.7666	0.4649001632
60	0.7671	0.4642349202
61	0.7676	0.4633482414
62	0.7679	0.4628751583
63	0.7682	0.4624795763
64	0.7688	0.4619554868
65	0.7688	0.4614334212
66	0.7691	0.4610896237
67	0.7686	0.4605118024
68	0.7687	0.4599471489
69	0.77	0.4594001516
70	0.7702	0.4589201508
71	0.7708	0.458243639
72	0.7719	0.457277068
73	0.7728	0.4566857791
74	0.7726	0.4559536234
75	0.7731	0.4555114021
76	0.7735	0.4550632553
77	0.7735	0.4544191409
78	0.7737	0.4542100929
79	0.7736	0.4537996787
80	0.7737	0.4533399338
81	0.774	0.4526358287
82	0.7737	0.4518624613
83	0.7746	0.4514667184
84	0.7748	0.4513023813
85	0.7754	0.4508822553
86	0.7751	0.450633319
87	0.7756	0.4503554097
88	0.7759	0.4499395297
89	0.7761	0.4499321336
90	0.7758	0.4495542948
91	0.7764	0.4491683894
92	0.7776	0.448634834
93	0.7774	0.4482792397
94	0.7774	0.4480846951
95	0.7773	0.4478324123
96	0.7778	0.4473004756
97	0.7778	0.4472874417
98	0.7782	0.4468215975
99	0.7788	0.4460969105
100	0.7791	0.4457002785
101	0.7791	0.4455100268
102	0.779	0.4454449505
103	0.779	0.445228809
104	0.7793	0.4446287556
105	0.7795	0.4443262611
106	0.7795	0.4437685697
107	0.7796	0.4436612462
108	0.7799	0.4432664319
109	0.7799	0.4431988458
110	0.7804	0.4426927191
111	0.7803	0.4422147263
112	0.781	0.4419029294
113	0.7808	0.4416673712
114	0.7815	0.4414030917
115	0.7815	0.4411729322
116	0.7818	0.4405374762
117	0.7818	0.4402121477
118	0.782	0.4397331515
119	0.7822	0.4394160769
120	0.7826	0.4390524471
121	0.7825	0.4388365854
122	0.7826	0.4382911153
123	0.783	0.4376958486
124	0.7837	0.4374480887
125	0.7839	0.4369802651
126	0.7842	0.4367862275
127	0.785	0.4364276664
128	0.7854	0.4358510682
129	0.7857	0.4353324776
130	0.7863	0.4350887458
131	0.7863	0.4348046491
132	0.7862	0.4346714605
133	0.7867	0.4343503256
134	0.7867	0.4337194832
135	0.7869	0.4332776599
136	0.787	0.4332562993
137	0.7871	0.4328294533
138	0.7871	0.4328057402
139	0.7873	0.4326778673
140	0.7883	0.432193385
141	0.7884	0.432182964
142	0.7888	0.4317568168
143	0.7894	0.4313221787
144	0.7894	0.4312759668
145	0.7894	0.4312311473
146	0.7892	0.4309927513
147	0.7893	0.4306775493
148	0.7894	0.430407855
149	0.7895	0.4303756432
150	0.7902	0.4301203728
151	0.7909	0.4298117814
152	0.7909	0.4297385267
153	0.7913	0.4294243692
154	0.7912	0.4291667277
155	0.791	0.4285563153
156	0.7916	0.4282681913
157	0.7919	0.4279591935
158	0.7915	0.4275024422
159	0.7932	0.4269492435
160	0.7929	0.4266170371
161	0.7934	0.4261718177
162	0.7939	0.4259239814
163	0.7943	0.425517771
164	0.7944	0.4255064252
165	0.7948	0.4254530307
166	0.7951	0.4251652454
167	0.7954	0.4248302118
168	0.7954	0.4248124405
169	0.7962	0.4243384688
170	0.7965	0.4240591708
171	0.7961	0.4239276039
172	0.7961	0.4238449858
173	0.7968	0.4232586009
174	0.7968	0.4230334757
175	0.7969	0.4227312126
176	0.7972	0.4226850451
177	0.7978	0.4223414823
178	0.7977	0.4220255086
179	0.7981	0.4218269307
180	0.7981	0.4216283574
181	0.7981	0.4212693528
182	0.7985	0.420717651
183	0.7987	0.4205121147
184	0.7989	0.4202056548
185	0.7989	0.4202003584
186	0.7995	0.4199823783
187	0.7991	0.4197152395
188	0.7997	0.4192998528
189	0.7999	0.4191549492
190	0.8008	0.4188309747
191	0.8006	0.4183796275
192	0.8006	0.4179814354
193	0.801	0.417552663
194	0.8015	0.4172987948
195	0.8019	0.4171897957
196	0.8022	0.4166460108
197	0.8024	0.415957542
198	0.8031	0.4158513349
199	0.8029	0.4155562495
200	0.8033	0.4151282526
201	0.8035	0.4148966124
202	0.8034	0.414612268
203	0.8036	0.4145749245
204	0.8045	0.4142156623
205	0.8042	0.4139729725
206	0.8045	0.4135546531
207	0.8046	0.4135243298
208	0.8048	0.4131676239
209	0.805	0.412854684
210	0.8055	0.4127292387
211	0.8056	0.4125106604
212	0.806	0.4122605827
213	0.8068	0.4117291022
214	0.8072	0.4112196019
215	0.8072	0.4111549546
216	0.8077	0.4106161577
217	0.8085	0.4101508956
218	0.8084	0.4099428936
219	0.8083	0.4095013395
220	0.8083	0.4090349121
221	0.8087	0.4088193062
222	0.8089	0.4085707537
223	0.8092	0.408226083
224	0.8095	0.4075834636
225	0.8096	0.4072153731
226	0.8096	0.4070728053
227	0.8101	0.4066871116
228	0.8107	0.4062343329
229	0.8108	0.4058480498
230	0.8113	0.4054349112
231	0.8118	0.4047189831
232	0.813	0.404384747
233	0.814	0.4040082475
234	0.8145	0.4037122776
235	0.8143	0.4034696165
236	0.8149	0.4028654445
237	0.8157	0.402507641
238	0.816	0.4022995666
239	0.8161	0.4018295553
240	0.8165	0.4016346276
241	0.8167	0.4012225622
242	0.8172	0.4010399854
243	0.8179	0.4007265752
244	0.8176	0.4006038174
245	0.818	0.4002176307
246	0.8181	0.400033177
247	0.8189	0.3995735354
248	0.8198	0.3989851107
249	0.8202	0.398729117
250	0.8201	0.3982057584
251	0.8204	0.398010188
252	0.8211	0.3978069434
253	0.8209	0.397546628
254	0.8212	0.3968630446
255	0.8223	0.3963032138
256	0.8227	0.3960098073
257	0.8228	0.395618455
258	0.8228	0.3952150183
259	0.823	0.3949088621
260	0.8236	0.3947190884
261	0.8235	0.3942160215
262	0.8237	0.3940091658
263	0.8241	0.3937310797
264	0.824	0.3930995889
265	0.8243	0.3929387117
266	0.8247	0.3928312934
267	0.8249	0.3925935805
268	0.825	0.3921506982
269	0.8256	0.3916802858
270	0.8256	0.3913133421
271	0.8263	0.3908177956
272	0.8262	0.3905500787
273	0.8263	0.3900417929
274	0.8271	0.3895549132
275	0.827	0.3892886415
276	0.8276	0.3889027526
277	0.8279	0.388582182
278	0.8282	0.3880907622
279	0.8289	0.3877739613
280	0.8293	0.3875511935
281	0.8297	0.3872729426
282	0.8297	0.3869611113
283	0.8297	0.3867049648
284	0.8305	0.3863507618
285	0.8313	0.3858443436
286	0.8311	0.385502365
287	0.8318	0.3849758438
288	0.8322	0.3846457342
289	0.8326	0.3845379509
290	0.8325	0.384160612
291	0.8328	0.3839264616
292	0.8328	0.3838120416
293	0.8328	0.3836863705
294	0.833	0.3833067939
295	0.8334	0.3829795098
296	0.8337	0.3827548853
297	0.8346	0.3825156852
298	0.8348	0.3822632431
299	0.835	0.3820491917
300	0.835	0.3815751258
301	0.8353	0.3811291968
302	0.8354	0.3808848603
303	0.8359	0.3803939132
304	0.8362	0.3800532298
305	0.8372	0.3795300344
306	0.8373	0.3789460663
307	0.8377	0.3785091491
308	0.8385	0.3781939738
309	0.8388	0.3776310561
310	0.8396	0.3771103516
311	0.8403	0.3765058391
312	0.8405	0.3761618922
313	0.841	0.3755759268
314	0.8417	0.375171325
315	0.8417	0.3748943302
316	0.8416	0.3747283422
317	0.8424	0.3744302686
318	0.8424	0.3741684295
319	0.8421	0.3739138328
320	0.8428	0.3733310109
321	0.8428	0.372928216
322	0.8434	0.37239229
323	0.8441	0.371981552
324	0.8445	0.3715333368
325	0.8457	0.3710050571
326	0.8461	0.3706734161
327	0.8465	0.370496087
328	0.8468	0.3701310375
329	0.8469	0.3698354694
330	0.8466	0.3693871737
331	0.8474	0.3690271872
332	0.8475	0.3686309905
333	0.8479	0.36823505
334	0.8483	0.3679086002
335	0.848	0.3676001325
336	0.8483	0.367292129
337	0.8486	0.3670589089
338	0.8485	0.3667917694
339	0.8495	0.3662141964
340	0.8497	0.3658107141
341	0.8502	0.3654969944
342	0.8505	0.3649834847
343	0.8509	0.3647853262
344	0.851	0.3643847645
345	0.8509	0.3640540388
346	0.8513	0.3637742529
347	0.8516	0.3635117783
348	0.8519	0.3632969443
349	0.8521	0.362808415
350	0.8523	0.362564452
351	0.8525	0.3623196564
352	0.8532	0.3619615587
353	0.8531	0.3615024462
354	0.8539	0.3608998215
355	0.8544	0.3606203739
356	0.8542	0.36017933
357	0.8545	0.3599962655
358	0.8549	0.359461302
359	0.8551	0.3592489309
360	0.8555	0.3587970422
361	0.8555	0.3583501654
362	0.8563	0.3576678045
363	0.8567	0.357352159
364	0.8573	0.3571111043
365	0.857	0.3569369344
366	0.8574	0.3564508146
367	0.8581	0.3560693602
368	0.8579	0.3558701646
369	0.8581	0.3553871745
370	0.8583	0.3552139685
371	0.8592	0.3548962353
372	0.8595	0.3544067407
373	0.8599	0.3542628791
374	0.8603	0.3538515638
375	0.8608	0.3534710484
376	0.8608	0.353043007
377	0.8613	0.3526514248
378	0.8614	0.3523936656
379	0.8615	0.3521199045
380	0.862	0.3515498482
381	0.8625	0.3511566284
382	0.8629	0.3509128713
383	0.8629	0.350856591
384	0.8628	0.3506662557
385	0.8635	0.3504799507
386	0.8634	0.3502488795
387	0.8632	0.3499721289
388	0.8636	0.3495621878
389	0.864	0.3492104746
390	0.8644	0.3490140533
391	0.8652	0.3487198297
392	0.8657	0.3483913348
393	0.866	0.3478500998
394	0.8657	0.3476655437
395	0.8661	0.3473448754
396	0.866	0.3472397814
397	0.8661	0.3471262977
398	0.8661	0.3467764468
399	0.8663	0.3465405126
400	0.8668	0.3461090898
401	0.8668	0.3457390487
402	0.8665	0.3454911009
403	0.867	0.3452943143
404	0.8675	0.3450335603
405	0.8682	0.3446885144
406	0.8684	0.344151289
407	0.8686	0.3437960448
408	0.8689	0.3435886712
409	0.8699	0.3430699161
410	0.8709	0.3424873073
411	0.8707	0.3419099974
412	0.8706	0.3415907332
413	0.8711	0.3411716215
414	0.8717	0.3408868618
415	0.8719	0.3407325094
416	0.8721	0.3404343806
417	0.8721	0.340247479
418	0.8718	0.339951722
419	0.8723	0.3395110218
420	0.8731	0.3391077311
421	0.8737	0.3385766041
422	0.8744	0.3383112011
423	0.8748	0.3380783758
424	0.8748	0.3378892629
425	0.8749	0.3378016949
426	0.875	0.3376224348
427	0.8749	0.3373614873
428	0.8749	0.3372666003
429	0.8749	0.3370015356
430	0.8752	0.3368339103
431	0.8755	0.3366676727
432	0.8758	0.3364268592
433	0.8759	0.3361947451
434	0.8764	0.3357148631
435	0.8762	0.3355615356
436	0.8767	0.3353631471
437	0.8762	0.3352098507
438	0.8767	0.3350658257
439	0.877	0.3347561867
440	0.8768	0.3345711916
441	0.8771	0.3344246829
442	0.8772	0.3341004643
443	0.8768	0.3338577998
444	0.8776	0.3336697113
445	0.878	0.3333585222
446	0.8779	0.3331965447
447	0.878	0.3329526712
448	0.8786	0.3327279059
449	0.8787	0.3324851126
450	0.8788	0.3322835751
451	0.8796	0.3319366732
452	0.8796	0.3317210393
453	0.8799	0.3312721551
454	0.8805	0.3311359392
455	0.8809	0.3308113637
456	0.881	0.3305277914
457	0.8815	0.3301536222
458	0.8816	0.3298786699
459	0.8825	0.329467839
460	0.8829	0.3291849384
461	0.883	0.3289983597
462	0.883	0.3286093382
463	0.8829	0.3284947721
464	0.8834	0.3280786698
465	0.8831	0.3279731692
466	0.8835	0.3276701539
467	0.8835	0.3273239182
468	0.8835	0.3270223192
469	0.8836	0.3266310574
470	0.8843	0.3261990684
471	0.8846	0.3259859449
472	0.8845	0.3256395943
473	0.8843	0.3252854277
474	0.8846	0.3250926578
475	0.8851	0.3247528863
476	0.8847	0.3244335042
477	0.885	0.3241262123
478	0.8855	0.3238331919
479	0.8857	0.3235333067
480	0.8857	0.3233400392
481	0.8857	0.3231579457
482	0.8859	0.3226903631
483	0.8867	0.3221764617
484	0.8868	0.3219628539
485	0.8868	0.3217161926
486	0.8873	0.3215308661
487	0.8874	0.3213883354
488	0.8876	0.3211534124
489	0.8876	0.3208970657
490	0.8876	0.3205689298
491	0.8875	0.3203909857
492	0.8878	0.3199889104
493	0.889	0.3196568246
494	0.8897	0.3192537985
495	0.8899	0.3188447756
496	0.8902	0.3186536615
497	0.8905	0.3182529177
498	0.8907	0.3179169619
499	0.8906	0.3176873029
500	0.8906	0.3175891811
501	0.8907	0.3174031983
502	0.8903	0.3171633111
503	0.8908	0.3169128783
504	0.8912	0.3166268779
505	0.8912	0.316501063
506	0.8912	0.3162863882
507	0.8913	0.3161240969
508	0.8915	0.3158861646
509	0.8918	0.3153383546
510	0.8917	0.3150386133
511	0.8921	0.3148441718
512	0.892	0.3141528594
513	0.8924	0.3137868851
514	0.8922	0.31364791
515	0.8923	0.313458011
516	0.8925	0.313254367
517	0.8926	0.3130854934
518	0.8926	0.3128656996
519	0.8928	0.3126045494
520	0.8938	0.3121738856
521	0.8937	0.3119693688
522	0.8939	0.3114861922
523	0.8936	0.3110916259
524	0.8944	0.3106171298
525	0.8945	0.3103325289
526	0.895	0.310105204
527	0.8954	0.3099061565
528	0.895	0.3097193713
529	0.8958	0.3093300788
530	0.8962	0.3091750241
531	0.8966	0.3089225258
532	0.897	0.308529918
533	0.8971	0.3083708104
534	0.8972	0.308257524
535	0.8976	0.3079970363
536	0.8973	0.3076573545
537	0.8973	0.3073674573
538	0.8975	0.3071819698
539	0.8975	0.3070078315
540	0.8979	0.3067458127
541	0.898	0.3061860214
542	0.8983	0.3060148007
543	0.8983	0.3057185362
544	0.8984	0.305584452
545	0.8989	0.3050664195
546	0.8997	0.3046791813
547	0.8993	0.3045517459
548	0.8997	0.3041419031
549	0.8998	0.303998945
550	0.9001	0.3037344238
551	0.9003	0.3036201102
552	0.9005	0.3034279479
553	0.9007	0.3030878885
554	0.9015	0.302674373
555	0.9019	0.3024670824
556	0.902	0.3023600449
557	0.9023	0.3020911993
558	0.9025	0.301995353
559	0.9024	0.301855801
560	0.9023	0.3018174501
561	0.9023	0.3016509516
562	0.9026	0.3015278353
563	0.9024	0.3013877262
564	0.9032	0.3012580345
565	0.9031	0.3009877451
566	0.9033	0.3007936294
567	0.9035	0.3004353121
568	0.904	0.3000811211
569	0.9041	0.2996699295
570	0.9045	0.2995469662
571	0.9048	0.2993539337
572	0.9052	0.2990521966
573	0.9053	0.2987634737
574	0.9058	0.298495477
575	0.9055	0.2981406761
576	0.9065	0.2976688339
577	0.9071	0.2973434829
578	0.907	0.297064855
579	0.9077	0.2967625044
580	0.9081	0.2964615187
581	0.9079	0.2963056299
582	0.9083	0.2957855274
583	0.9083	0.2956877543
584	0.9082	0.2955935648
585	0.9084	0.2952349129
586	0.9089	0.2948529114
587	0.909	0.2947168599
588	0.9089	0.2945471497
589	0.9092	0.2939264295
590	0.9092	0.2936288989
591	0.9095	0.2935675326
592	0.9095	0.2933263254
593	0.9098	0.292901765
594	0.91	0.2927038467
595	0.9099	0.2923973966
596	0.9103	0.2921424996
597	0.9103	0.2920364524
598	0.9105	0.291800542
599	0.9107	0.2916230767
600	0.911	0.2915057304
601	0.9109	0.2913019571
602	0.9109	0.2910792404
603	0.9115	0.2907286167
604	0.9116	0.2904400796
605	0.9118	0.2901998525
606	0.9119	0.2899477466
607	0.9119	0.2898759239
608	0.9123	0.2895668354
609	0.9122	0.2892568027
610	0.9124	0.2891325231
611	0.9126	0.2890459085
612	0.9125	0.2888115645
613	0.9125	0.2885132964
614	0.9127	0.2882820808
615	0.9128	0.2881158242
616	0.9132	0.287993728
617	0.9132	0.2876004402
618	0.9134	0.2873359163
619	0.9136	0.2870170698
620	0.9137	0.2866739997
621	0.9142	0.2862615541
622	0.9141	0.2860511868
623	0.9141	0.2858217568
624	0.9144	0.2854577899
625	0.9149	0.2852824158
626	0.9155	0.2850181388
627	0.9157	0.2848167455
628	0.9155	0.2846553693
629	0.9158	0.2844448536
630	0.916	0.2842261223
631	0.916	0.2838647883
632	0.9161	0.2836803646
633	0.916	0.2835189333
634	0.9167	0.2832702515
635	0.9168	0.2831321061
636	0.9167	0.2830047415
637	0.917	0.2829535187
638	0.9173	0.2827109274
639	0.9174	0.2826115734
640	0.9174	0.2824983568
641	0.9174	0.2823280922
642	0.9179	0.2820061001
643	0.9179	0.2817585281
644	0.918	0.2814203997
645	0.9182	0.2812118083
646	0.9185	0.2810733688
647	0.919	0.2807821311
648	0.9193	0.2806181816
649	0.9194	0.2804141429
650	0.92	0.2801369617
651	0.9204	0.279772494
652	0.9205	0.2795331098
653	0.9205	0.2794018967
654	0.9204	0.2792204974
655	0.9202	0.2788949419
656	0.9205	0.2786822095
657	0.9205	0.2783120008
658	0.9204	0.2780803378
659	0.9209	0.2777690893
660	0.9211	0.2774184341
661	0.9217	0.2772136042
662	0.9226	0.2766835483
663	0.9229	0.2764364645
664	0.9232	0.2761047165
665	0.9233	0.2758989158
666	0.9234	0.2758118966
667	0.9239	0.2754911473
668	0.9244	0.2752483647
669	0.9244	0.2749994507
670	0.9243	0.2747435965
671	0.9244	0.2744569283
672	0.9252	0.2741070175
673	0.9257	0.2739592253
674	0.9259	0.2738004243
675	0.9258	0.2737698985
676	0.9266	0.2733800386
677	0.9266	0.2730854037
678	0.927	0.2728674309
679	0.9267	0.2725802717
680	0.927	0.2722806895
681	0.9276	0.2720572891
682	0.9276	0.271901327
683	0.9277	0.2716637757
684	0.9279	0.2714658521
685	0.9276	0.2710735819
686	0.9285	0.2706207073
687	0.9287	0.2704359393
688	0.9285	0.2702296193
689	0.9288	0.2699808579
690	0.9291	0.2697817594
691	0.9295	0.2696086295
692	0.9297	0.2694765717
693	0.9298	0.2692588856
694	0.9302	0.2690836635
695	0.9301	0.2687826411
696	0.9303	0.2686797202
697	0.9306	0.2684627332
698	0.9305	0.2681611365
699	0.9308	0.2679003472
700	0.9309	0.2676756275
701	0.9314	0.2674617278
702	0.9315	0.2673307576
703	0.9319	0.2670238558
704	0.932	0.2667398492
705	0.9323	0.2665076297
706	0.9323	0.2661776054
707	0.9326	0.2658916186
708	0.9331	0.2655797695
709	0.9333	0.2654967322
710	0.9335	0.2651195853
711	0.9336	0.2649085921
712	0.934	0.2645475983
713	0.9342	0.264360874
714	0.9342	0.2642246541
715	0.9342	0.2640973079
716	0.9344	0.2640118974
717	0.9344	0.2637320495
718	0.9347	0.2634303444
719	0.9347	0.2631920627
720	0.9345	0.2629077765
721	0.9345	0.2626004194
722	0.9344	0.2623688061
723	0.9353	0.2621433592
724	0.9356	0.2616559192
725	0.9357	0.2612716727
726	0.936	0.2609020507
727	0.9359	0.2605919449
728	0.9359	0.2604108
729	0.9367	0.2600655373
730	0.9371	0.2596599483
731	0.9374	0.2593714008
732	0.9378	0.2591171709
733	0.9379	0.2589854944
734	0.938	0.2587655643
735	0.9384	0.258541964
736	0.9384	0.2582145271
737	0.9382	0.2581102118
738	0.9386	0.257874604
739	0.9388	0.257650497
740	0.9387	0.2574929368
741	0.9388	0.2572606777
742	0.9392	0.2568545696
743	0.9397	0.2565391272
744	0.9397	0.2564015204
745	0.9402	0.256214084
746	0.9402	0.2561341973
747	0.9402	0.2559182024
748	0.9404	0.2557144808
749	0.9406	0.2554634846
750	0.9406	0.2551324684
751	0.941	0.2548345773
752	0.9412	0.254716202
753	0.9407	0.254478283
754	0.9412	0.2542609978
755	0.9409	0.2540605737
756	0.9413	0.2538960551
757	0.9414	0.2537496109
758	0.9414	0.2535288422
759	0.9416	0.2533589157
760	0.9418	0.2532429455
761	0.942	0.2530845854
762	0.9424	0.2528966636
763	0.9425	0.252536222
764	0.9423	0.2523195105
765	0.9424	0.2520788808
766	0.9424	0.25198804
767	0.9428	0.2518152372
768	0.9429	0.2516446351
769	0.9426	0.2514039563
770	0.9426	0.2512690847
771	0.943	0.2509231849
772	0.9429	0.2506778476
773	0.9429	0.2503199457
774	0.9431	0.2500385988
775	0.9429	0.2498098563
776	0.9432	0.2494809128
777	0.9431	0.2492541078
778	0.9432	0.2489941161
779	0.9432	0.2488872457
780	0.9433	0.2487707357
781	0.9436	0.2484763494
782	0.9437	0.2481780097
783	0.9439	0.2479275315
784	0.9451	0.2475434276
785	0.9451	0.2473892206
786	0.9452	0.2472477699
787	0.9455	0.2470474647
788	0.9456	0.2467734345
789	0.9456	0.2464356181
790	0.9456	0.2463047025
791	0.9458	0.2460766956
792	0.9458	0.2460630676
793	0.9461	0.245831981
794	0.946	0.2456668707
795	0.9463	0.2454505685
796	0.9467	0.245353774
797	0.9465	0.2452028302
798	0.9464	0.2450338983
799	0.9467	0.2449222209
800	0.9466	0.2447468905
801	0.9471	0.2443641332
802	0.9474	0.2441881864
803	0.9469	0.2439679831
804	0.948	0.2435027544
805	0.9477	0.2433455972
806	0.9479	0.2431999654
807	0.9483	0.2429702647
808	0.948	0.2425739329
809	0.9483	0.2424882471
810	0.9483	0.2423801209
811	0.9484	0.2421720038
812	0.9488	0.2420333848
813	0.9488	0.2419384031
814	0.949	0.2417132057
815	0.9491	0.2414710411
816	0.9492	0.2412236225
817	0.9491	0.2409363719
818	0.9492	0.2408278241
819	0.9491	0.2406090693
820	0.9495	0.2404579597
821	0.9494	0.2402873192
822	0.9495	0.2401492726
823	0.9496	0.2398238372
824	0.9498	0.2395567096
825	0.9497	0.2394203086
826	0.9501	0.2392598511
827	0.9501	0.2388917733
828	0.9505	0.2386253655
829	0.9502	0.2383979139
830	0.9504	0.238043416
831	0.9501	0.2378813656
832	0.9507	0.2375986831
833	0.9511	0.2372942779
834	0.9512	0.2371479053
835	0.9514	0.2369344914
836	0.9514	0.2365907283
837	0.9513	0.2364484062
838	0.9512	0.236302616
839	0.9515	0.2361682403
840	0.9519	0.2359400474
841	0.952	0.2358173009
842	0.9521	0.2356083689
843	0.9523	0.2354458238
844	0.9525	0.2352682915
845	0.9528	0.2350695233
846	0.953	0.2348849783
847	0.953	0.2347627289
848	0.953	0.2346311201
849	0.9528	0.2344644777
850	0.9534	0.2341496023
851	0.9535	0.2338902719
852	0.9535	0.2337658329
853	0.9536	0.2334041604
854	0.9539	0.2332460036
855	0.9541	0.2330905607
856	0.9541	0.2329213814
857	0.9541	0.2326819815
858	0.9542	0.232599179
859	0.9545	0.2323903869
860	0.9547	0.2320595818
861	0.9548	0.2317532996
862	0.9548	0.2315525891
863	0.9547	0.2314809665
864	0.9549	0.2312765648
865	0.9549	0.2310709543
866	0.955	0.2309556762
867	0.9551	0.2307398122
868	0.955	0.2305345729
869	0.9551	0.23028167
870	0.9551	0.2302073948
871	0.9554	0.2299887611
872	0.9554	0.2297638328
873	0.9552	0.2296181119
874	0.9556	0.229499337
875	0.9558	0.2292115492
876	0.9563	0.2288929099
877	0.9563	0.2288293983
878	0.9563	0.2285707513
879	0.9562	0.2283678163
880	0.9567	0.2282143384
881	0.9566	0.2280722441
882	0.9569	0.2278410965
883	0.9573	0.2274509999
884	0.9572	0.2271336097
885	0.9574	0.227005506
886	0.9578	0.2267415369
887	0.9579	0.2265811249
888	0.9582	0.2262514597
889	0.9583	0.2260352568
890	0.9584	0.2259312877
891	0.9584	0.2258122284
892	0.9587	0.2256767322
893	0.9584	0.2255481987
894	0.9583	0.2254310284
895	0.9582	0.2252146559
896	0.9588	0.2250030028
897	0.9584	0.2248244877
898	0.9586	0.2246699735
899	0.959	0.2245242034
900	0.9589	0.2243377748
901	0.9588	0.2241822882
902	0.9589	0.2239292949
903	0.959	0.2237192025
904	0.959	0.2234940826
905	0.9589	0.2232800596
906	0.9589	0.2231974515
907	0.9593	0.2229779357
908	0.9594	0.2227890687
909	0.9595	0.2225692806
910	0.9594	0.2224625887
911	0.9597	0.2221772101
912	0.9599	0.2220034589
913	0.96	0.2217690039
914	0.9603	0.2213633971
915	0.9606	0.2212401129
916	0.9611	0.2208988526
917	0.9616	0.2205713765
918	0.9619	0.2202580671
919	0.9618	0.2199953463
920	0.962	0.2198187117
921	0.9622	0.2197121977
922	0.962	0.2194747025
923	0.9621	0.2192726772
924	0.9622	0.2191940927
925	0.9622	0.2191067633
926	0.962	0.2188597774
927	0.9621	0.2186161525
928	0.9622	0.2184452622
929	0.9622	0.218287052
930	0.9623	0.2181973758
931	0.9621	0.2180361291
932	0.9624	0.2178195204
933	0.9623	0.2177593929
934	0.9625	0.2175743791
935	0.9625	0.2175189621
936	0.9628	0.2173311474
937	0.9631	0.2170700536
938	0.9631	0.2168468877
939	0.9635	0.2165844177
940	0.9637	0.2164224729
941	0.9638	0.2162326342
942	0.9639	0.2160726527
943	0.9641	0.2159612576
944	0.964	0.2158304337
945	0.9641	0.2155971613
946	0.9641	0.2153699805
947	0.9641	0.2151818505
948	0.9642	0.2150083667
949	0.964	0.2149203755
950	0.9643	0.2147027091
951	0.9644	0.2144375252
952	0.9645	0.2142223198
953	0.9645	0.214182991
954	0.9645	0.214004112
955	0.9647	0.2137754381
956	0.9651	0.2135915346
957	0.9652	0.2135117559
958	0.9653	0.2133762295
959	0.9656	0.2131179726
960	0.9655	0.2129669595
961	0.9657	0.2127965384
962	0.966	0.2125980672
963	0.966	0.2124708972
964	0.9661	0.2123026125
965	0.9663	0.2121658259
966	0.9662	0.2119900473
967	0.9664	0.2117828563
968	0.9665	0.2116067597
969	0.9665	0.2113323693
970	0.9668	0.2111611317
971	0.9668	0.2109263702
972	0.9668	0.2108151594
973	0.9672	0.2106127726
974	0.9673	0.2104416895
975	0.9675	0.2101363971
976	0.9675	0.2099795025
977	0.9676	0.2098119412
978	0.9677	0.2096862969
979	0.9678	0.2094745165
980	0.9678	0.2093559579
981	0.9679	0.2092161876
982	0.9678	0.2089394703
983	0.9679	0.2086822493
984	0.9678	0.2085071628
985	0.9679	0.2083831823
986	0.9679	0.2082744653
987	0.9681	0.2081432556
988	0.9682	0.2079951763
989	0.9681	0.2078765126
990	0.9681	0.2076531049
991	0.9682	0.2074827081
992	0.9681	0.2072767381
993	0.9682	0.2071630755
994	0.9685	0.2070426918
995	0.9685	0.2068458147
996	0.9685	0.206620216
997	0.9687	0.2063680894
998	0.9686	0.2061259048
999	0.9686	0.2058809226
1000	0.9688	0.205601784
1001	0.9689	0.2053209524
1002	0.9689	0.2051570321
1003	0.9691	0.2050294429
1004	0.9692	0.2049153705
1005	0.9692	0.2048226127
1006	0.9692	0.2046828385
1007	0.9692	0.2044146216
1008	0.9692	0.2042765234
1009	0.9693	0.2041375893
1010	0.9694	0.2040474789
1011	0.9695	0.2039273341
1012	0.9697	0.2036306456
1013	0.9696	0.203491106
1014	0.9698	0.2033715871
1015	0.9697	0.2031881323
1016	0.9696	0.2031454987
1017	0.9697	0.2030218926
1018	0.9697	0.2026758167
1019	0.9699	0.2025396091
1020	0.9702	0.2024428028
1021	0.9703	0.2021744081
1022	0.9704	0.2020668753
1023	0.9703	0.2020361748
1024	0.9702	0.201918769
1025	0.9705	0.2016831189
1026	0.9704	0.2015514987
1027	0.9707	0.2013240817
1028	0.9707	0.2011740789
1029	0.9711	0.2008957616
1030	0.972	0.2005631012
1031	0.9721	0.2002138393
1032	0.972	0.2000128721
1033	0.972	0.1997325443
1034	0.9721	0.1996595001
1035	0.9719	0.199505471
1036	0.9724	0.1992721121
1037	0.9724	0.1991684307
1038	0.9727	0.1989958589
1039	0.9728	0.1988821952
1040	0.9726	0.1987220877
1041	0.9727	0.1985937105
1042	0.9728	0.1984587415
1043	0.9729	0.1983239682
1044	0.973	0.1981957694
1045	0.9729	0.1980243052
1046	0.9731	0.1978923676
1047	0.9733	0.1977673478
1048	0.9736	0.197585608
1049	0.9735	0.1974694382
1050	0.9734	0.1973033671
1051	0.9735	0.1970759657
1052	0.9735	0.1970305107
1053	0.9734	0.196971902
1054	0.9736	0.1967957008
1055	0.9735	0.196668506
1056	0.9732	0.1965870704
1057	0.9733	0.1964972218
1058	0.9735	0.1963458621
1059	0.9736	0.1961638204
1060	0.9736	0.1959677493
1061	0.9738	0.1958824326
1062	0.9739	0.1957664092
1063	0.9739	0.1955523211
1064	0.9742	0.1953944289
1065	0.9744	0.1952417495
1066	0.9741	0.1951031841
1067	0.9742	0.1949892083
1068	0.974	0.1946954737
1069	0.9745	0.1944867026
1070	0.9747	0.1943950566
1071	0.9747	0.1942558594
1072	0.9748	0.1940685497
1073	0.9749	0.1939116238
1074	0.9748	0.1938366214
1075	0.9748	0.1937546568
1076	0.975	0.1936605689
1077	0.9752	0.1934521951
1078	0.9751	0.1932669916
1079	0.9751	0.1932023672
1080	0.9751	0.1931030074
1081	0.9752	0.1928481479
1082	0.9753	0.1926738997
1083	0.9755	0.1924734115
1084	0.9757	0.1922662291
1085	0.9759	0.1920297886
1086	0.976	0.1918548545
1087	0.976	0.1916454714
1088	0.976	0.1915203256
1089	0.9762	0.1914036282
1090	0.9761	0.1911261422
1091	0.9761	0.1910170858
1092	0.9763	0.1908423361
1093	0.9764	0.1907226693
1094	0.9763	0.1905891588
1095	0.9762	0.1904902584
1096	0.9763	0.1903420694
1097	0.9762	0.1901922764
1098	0.9765	0.189975813
1099	0.9764	0.1898237429
1100	0.9765	0.1897460066
1101	0.9766	0.1896101313
1102	0.977	0.1893494356
1103	0.9774	0.1891087522
1104	0.9774	0.1889532119
1105	0.9773	0.1888100908
1106	0.9775	0.1886427343
1107	0.9779	0.1884161511
1108	0.9776	0.1883062361
1109	0.9776	0.1881234946
1110	0.9776	0.187968962
1111	0.9777	0.1877995468
1112	0.9778	0.1877345132
1113	0.978	0.1875789798
1114	0.978	0.1874720886
1115	0.9781	0.1872659402
1116	0.9782	0.1872002088
1117	0.9781	0.1870199971
1118	0.9783	0.1868157599
1119	0.9782	0.186574455
1120	0.9781	0.1864768706
1121	0.9783	0.1862859979
1122	0.9784	0.1861392338
1123	0.9784	0.1859531833
1124	0.9785	0.1857695876
1125	0.9785	0.1856877497
1126	0.9783	0.1854910462
1127	0.9786	0.1853342786
1128	0.9789	0.185144512
1129	0.9789	0.1850653174
1130	0.9788	0.1849812937
1131	0.9789	0.1848841111
1132	0.979	0.1846811566
1133	0.9791	0.1844792312
1134	0.9792	0.1843409677
1135	0.9791	0.1841079933
1136	0.9792	0.1840115163
1137	0.9791	0.1838281873
1138	0.9792	0.1835974567
1139	0.9793	0.1834831263
1140	0.9793	0.1834045074
1141	0.9793	0.1831947003
1142	0.9793	0.1831340769
1143	0.9798	0.1829026882
1144	0.9799	0.1827435428
1145	0.9799	0.1825850251
1146	0.9798	0.1825101767
1147	0.9799	0.1822917409
1148	0.9801	0.1821747762
1149	0.98	0.1819762439
1150	0.9802	0.1819005461
1151	0.9803	0.18175673
1152	0.9804	0.1816278401
1153	0.9804	0.1815284958
1154	0.9804	0.1814572611
1155	0.9804	0.1812425407
1156	0.9803	0.1811300069
1157	0.9802	0.1810481504
1158	0.9802	0.1809353501
1159	0.9806	0.1807020507
1160	0.9807	0.1805461902
1161	0.9805	0.180369396
1162	0.9807	0.1802672244
1163	0.9807	0.1801747931
1164	0.9808	0.1800943153
1165	0.9811	0.179960932
1166	0.9811	0.1797741777
1167	0.9813	0.179687363
1168	0.9812	0.1795545462
1169	0.9811	0.1793445571
1170	0.9811	0.1792377081
1171	0.9812	0.1791033694
1172	0.9812	0.1789953711
1173	0.9817	0.1788308178
1174	0.982	0.1786311725
1175	0.982	0.1784916159
1176	0.9821	0.1783510946
1177	0.9823	0.1781635661
1178	0.9822	0.1779853347
1179	0.9822	0.17779332
1180	0.9822	0.1776312934
1181	0.9825	0.1773602411
1182	0.9825	0.1772132325
1183	0.9826	0.1771355053
1184	0.9824	0.1769904766
1185	0.9824	0.1768155689
1186	0.9824	0.1766825572
1187	0.9826	0.176498625
1188	0.9826	0.1764210694
1189	0.9826	0.1763157767
1190	0.9826	0.1761405369
1191	0.9825	0.1759829062
1192	0.9824	0.1758402151
1193	0.9828	0.1756615474
1194	0.9829	0.1755085217
1195	0.983	0.1753112025
1196	0.983	0.1752153062
1197	0.983	0.1750864438
1198	0.9831	0.1749022014
1199	0.9831	0.1748615475
